[{"pk": 4, "model": "meals.meal", "fields": {"default": 3, "order": 1, "name": "early breakfast"}}, {"pk": 1, "model": "meals.meal", "fields": {"default": 4, "order": 2, "name": "breakfast"}}, {"pk": 6, "model": "meals.meal", "fields": {"default": null, "order": 3, "name": "elevenses"}}, {"pk": 2, "model": "meals.meal", "fields": {"default": null, "order": 4, "name": "lunch"}}, {"pk": 7, "model": "meals.meal", "fields": {"default": null, "order": 5, "name": "mid-afternoon snack"}}, {"pk": 3, "model": "meals.meal", "fields": {"default": null, "order": 6, "name": "dinner"}}, {"pk": 8, "model": "meals.meal", "fields": {"default": null, "order": 7, "name": "supper"}}, {"pk": 1, "model": "meals.mealchoice", "fields": {"date": "2010-05-09", "recipe": 2, "meal": 1}}, {"pk": 2, "model": "meals.mealchoice", "fields": {"date": "2010-05-09", "recipe": 1, "meal": 2}}, {"pk": 3, "model": "meals.mealchoice", "fields": {"date": "2010-05-09", "recipe": 1, "meal": 3}}, {"pk": 4, "model": "meals.mealchoice", "fields": {"date": "2010-05-10", "recipe": 2, "meal": 1}}, {"pk": 5, "model": "meals.mealchoice", "fields": {"date": "2010-05-10", "recipe": 2, "meal": 3}}, {"pk": 6, "model": "meals.mealchoice", "fields": {"date": "2010-05-14", "recipe": 1, "meal": 2}}, {"pk": 7, "model": "meals.mealchoice", "fields": {"date": "2010-05-29", "recipe": 2, "meal": 2}}, {"pk": 8, "model": "meals.mealchoice", "fields": {"date": "2010-06-03", "recipe": 2, "meal": 1}}, {"pk": 9, "model": "meals.mealchoice", "fields": {"date": "2010-05-12", "recipe": 1, "meal": 3}}, {"pk": 10, "model": "meals.mealchoice", "fields": {"date": "2010-05-10", "recipe": 1, "meal": 2}}, {"pk": 11, "model": "meals.mealchoice", "fields": {"date": "2010-05-11", "recipe": 1, "meal": 2}}, {"pk": 12, "model": "meals.mealchoice", "fields": {"date": "2010-05-14", "recipe": 2, "meal": 1}}, {"pk": 13, "model": "meals.mealchoice", "fields": {"date": "2010-05-09", "recipe": 3, "meal": 8}}, {"pk": 14, "model": "meals.mealchoice", "fields": {"date": "2010-05-12", "recipe": 3, "meal": 4}}, {"pk": 15, "model": "meals.mealchoice", "fields": {"date": "2010-05-09", "recipe": 3, "meal": 4}}, {"pk": 16, "model": "meals.mealchoice", "fields": {"date": "2010-05-10", "recipe": 3, "meal": 4}}, {"pk": 17, "model": "meals.mealchoice", "fields": {"date": "2010-05-11", "recipe": 3, "meal": 4}}, {"pk": 18, "model": "meals.mealchoice", "fields": {"date": "2010-05-11", "recipe": 4, "meal": 1}}, {"pk": 19, "model": "meals.mealchoice", "fields": {"date": "2010-05-12", "recipe": 4, "meal": 1}}, {"pk": 20, "model": "meals.mealchoice", "fields": {"date": "2010-05-13", "recipe": 3, "meal": 4}}, {"pk": 21, "model": "meals.mealchoice", "fields": {"date": "2010-05-13", "recipe": 4, "meal": 1}}, {"pk": 22, "model": "meals.mealchoice", "fields": {"date": "2010-05-14", "recipe": 3, "meal": 4}}, {"pk": 23, "model": "meals.mealchoice", "fields": {"date": "2010-05-15", "recipe": 3, "meal": 4}}, {"pk": 24, "model": "meals.mealchoice", "fields": {"date": "2010-05-15", "recipe": 4, "meal": 1}}, {"pk": 1, "model": "meals.recipe", "fields": {"preparation_time": 20, "cooking_time": 30, "name": "boring dinner", "serves": 1, "method": "sdfsdf"}}, {"pk": 2, "model": "meals.recipe", "fields": {"preparation_time": 5, "cooking_time": 5, "name": "Poached egg on toast", "serves": 1, "method": "dfsdfsdfdfsd"}}, {"pk": 3, "model": "meals.recipe", "fields": {"preparation_time": 2, "cooking_time": 0, "name": "peanut butter sandwich", "serves": 1, "method": "dsdfsdf"}}, {"pk": 4, "model": "meals.recipe", "fields": {"preparation_time": 2, "cooking_time": 4, "name": "porridge", "serves": 1, "method": "sdsdfsdf"}}, {"pk": 1, "model": "meals.ingredient", "fields": {"plural_name": "", "name": "olive oil"}}, {"pk": 2, "model": "meals.ingredient", "fields": {"plural_name": "", "name": "onion"}}, {"pk": 3, "model": "meals.ingredient", "fields": {"plural_name": "", "name": "garlic"}}, {"pk": 4, "model": "meals.ingredient", "fields": {"plural_name": "", "name": "chicken breast"}}, {"pk": 5, "model": "meals.ingredient", "fields": {"plural_name": "", "name": "balsamic vinegar"}}, {"pk": 6, "model": "meals.ingredient", "fields": {"plural_name": "", "name": "egg"}}, {"pk": 7, "model": "meals.ingredient", "fields": {"plural_name": "", "name": "wholemeal bread"}}, {"pk": 8, "model": "meals.ingredient", "fields": {"plural_name": "", "name": "orange juice"}}, {"pk": 9, "model": "meals.ingredient", "fields": {"plural_name": "peanut butter", "name": "peanut butter"}}, {"pk": 10, "model": "meals.ingredient", "fields": {"plural_name": "porridge oats", "name": "porridge oats"}}, {"pk": 11, "model": "meals.ingredient", "fields": {"plural_name": "", "name": "banana"}}, {"pk": 12, "model": "meals.ingredient", "fields": {"plural_name": "", "name": "honey"}}, {"pk": 1, "model": "meals.ingredientmeasure", "fields": {"amount": 100, "recipe": 1, "unit": 2, "ingredient": 1}}, {"pk": 2, "model": "meals.ingredientmeasure", "fields": {"amount": 1, "recipe": 1, "unit": 3, "ingredient": 3}}, {"pk": 3, "model": "meals.ingredientmeasure", "fields": {"amount": 1, "recipe": 1, "unit": null, "ingredient": 4}}, {"pk": 4, "model": "meals.ingredientmeasure", "fields": {"amount": 2, "recipe": 2, "unit": null, "ingredient": 6}}, {"pk": 5, "model": "meals.ingredientmeasure", "fields": {"amount": 2, "recipe": 2, "unit": 9, "ingredient": 7}}, {"pk": 6, "model": "meals.ingredientmeasure", "fields": {"amount": 1, "recipe": 2, "unit": 10, "ingredient": 8}}, {"pk": 7, "model": "meals.ingredientmeasure", "fields": {"amount": 1, "recipe": 3, "unit": 11, "ingredient": 9}}, {"pk": 8, "model": "meals.ingredientmeasure", "fields": {"amount": 2, "recipe": 3, "unit": 9, "ingredient": 7}}, {"pk": 9, "model": "meals.ingredientmeasure", "fields": {"amount": 1, "recipe": 4, "unit": 7, "ingredient": 10}}, {"pk": 10, "model": "meals.ingredientmeasure", "fields": {"amount": 1, "recipe": 4, "unit": null, "ingredient": 11}}, {"pk": 11, "model": "meals.ingredientmeasure", "fields": {"amount": 3, "recipe": 4, "unit": 4, "ingredient": 12}}, {"pk": 1, "model": "meals.unit", "fields": {"symbol": "g", "plural_name": "", "name": "grams"}}, {"pk": 2, "model": "meals.unit", "fields": {"symbol": "ml", "plural_name": "", "name": "millilitre"}}, {"pk": 3, "model": "meals.unit", "fields": {"symbol": "", "plural_name": "", "name": "clove"}}, {"pk": 4, "model": "meals.unit", "fields": {"symbol": "tsp", "plural_name": "", "name": "teaspoon"}}, {"pk": 5, "model": "meals.unit", "fields": {"symbol": "", "plural_name": "", "name": "slice"}}, {"pk": 6, "model": "meals.unit", "fields": {"symbol": "tbsp", "plural_name": "", "name": "tablespoon"}}, {"pk": 7, "model": "meals.unit", "fields": {"symbol": "cp", "plural_name": "", "name": "cup"}}, {"pk": 8, "model": "meals.unit", "fields": {"symbol": "lb", "plural_name": "", "name": "pound"}}, {"pk": 9, "model": "meals.unit", "fields": {"symbol": "", "plural_name": "", "name": "slice"}}, {"pk": 10, "model": "meals.unit", "fields": {"symbol": "", "plural_name": "glasses", "name": "glass"}}, {"pk": 11, "model": "meals.unit", "fields": {"symbol": "", "plural_name": "", "name": "portion"}}, {"pk": 1, "model": "meals.conversion", "fields": {"is_exact": true, "to_unit": 2, "from_unit": 4, "factor": "5"}}, {"pk": 2, "model": "meals.conversion", "fields": {"is_exact": true, "to_unit": 4, "from_unit": 6, "factor": "5"}}, {"pk": 3, "model": "meals.conversion", "fields": {"is_exact": true, "to_unit": 2, "from_unit": 7, "factor": "100"}}, {"pk": 4, "model": "meals.conversion", "fields": {"is_exact": true, "to_unit": 1, "from_unit": 8, "factor": "454"}}]
